SID,gender,age,trial,step,submitted,instanceID,itemID,weight,value,selected,totalWeight,totalValue,selectStatus,difficulty_estimate,performance_estimate,difficulty_experienced,weights,values,capacity,group,solution_val,solution_comb,sahniK,n_item,normalized_capacity,normalized_profit,ratio
999,F,23,0,1,0,0,0,21,40,1,21,40,[1. 0. 0. 0. 0. 0. 0. 0. 0. 0. 0. 0.],5,5,0,[21  9 28 28 34 13 23 14 20 23 36 39],[40 50 32 16 33  7 29 26 37 27 50 24],125.0,trans,232,"[0, 1, 6, 7, 8, 10]",0,12,0.4340277777777778,0.6253369272237197,0.36518205189251957
999,F,23,0,2,0,0,4,34,33,1,55,73,[1. 0. 0. 0. 1. 0. 0. 0. 0. 0. 0. 0.],5,5,0,[21  9 28 28 34 13 23 14 20 23 36 39],[40 50 32 16 33  7 29 26 37 27 50 24],125.0,trans,232,"[0, 1, 6, 7, 8, 10]",0,12,0.4340277777777778,0.6253369272237197,0.36518205189251957
999,F,23,0,3,0,0,5,13,7,1,68,80,[1. 0. 0. 0. 1. 1. 0. 0. 0. 0. 0. 0.],5,5,0,[21  9 28 28 34 13 23 14 20 23 36 39],[40 50 32 16 33  7 29 26 37 27 50 24],125.0,trans,232,"[0, 1, 6, 7, 8, 10]",0,12,0.4340277777777778,0.6253369272237197,0.36518205189251957
999,F,23,0,4,0,0,8,20,37,1,88,117,[1. 0. 0. 0. 1. 1. 0. 0. 1. 0. 0. 0.],5,5,0,[21  9 28 28 34 13 23 14 20 23 36 39],[40 50 32 16 33  7 29 26 37 27 50 24],125.0,trans,232,"[0, 1, 6, 7, 8, 10]",0,12,0.4340277777777778,0.6253369272237197,0.36518205189251957
999,F,23,0,5,0,0,11,39,24,1,127,141,[1. 0. 0. 0. 1. 1. 0. 0. 1. 0. 0. 1.],5,5,0,[21  9 28 28 34 13 23 14 20 23 36 39],[40 50 32 16 33  7 29 26 37 27 50 24],125.0,trans,232,"[0, 1, 6, 7, 8, 10]",0,12,0.4340277777777778,0.6253369272237197,0.36518205189251957
999,F,23,0,6,0,0,7,14,26,1,141,167,[1. 0. 0. 0. 1. 1. 0. 1. 1. 0. 0. 1.],5,5,0,[21  9 28 28 34 13 23 14 20 23 36 39],[40 50 32 16 33  7 29 26 37 27 50 24],125.0,trans,232,"[0, 1, 6, 7, 8, 10]",0,12,0.4340277777777778,0.6253369272237197,0.36518205189251957
999,F,23,0,7,0,0,11,39,24,0,102,143,[1. 0. 0. 0. 1. 1. 0. 1. 1. 0. 0. 0.],5,5,0,[21  9 28 28 34 13 23 14 20 23 36 39],[40 50 32 16 33  7 29 26 37 27 50 24],125.0,trans,232,"[0, 1, 6, 7, 8, 10]",0,12,0.4340277777777778,0.6253369272237197,0.36518205189251957
999,F,23,0,8,0,0,7,14,26,0,88,117,[1. 0. 0. 0. 1. 1. 0. 0. 1. 0. 0. 0.],5,5,0,[21  9 28 28 34 13 23 14 20 23 36 39],[40 50 32 16 33  7 29 26 37 27 50 24],125.0,trans,232,"[0, 1, 6, 7, 8, 10]",0,12,0.4340277777777778,0.6253369272237197,0.36518205189251957
999,F,23,0,9,1,0,-1,39,24,-1,88,117,[1. 0. 0. 0. 1. 1. 0. 0. 1. 0. 0. 0.],5,5,5,[21  9 28 28 34 13 23 14 20 23 36 39],[40 50 32 16 33  7 29 26 37 27 50 24],125.0,trans,232,"[0, 1, 6, 7, 8, 10]",0,12,0.4340277777777778,0.6253369272237197,0.36518205189251957
999,F,23,1,1,0,1,1,25,35,1,25,35,[0. 1. 0. 0. 0. 0. 0. 0. 0. 0. 0. 0.],2,3,0,[36 25 37 29  8 48 36 33 10 43 46 40],[14 35  1 30 20  4 11 50  6 38 41 44],158.0,trans,190,"[1, 4, 7, 10, 11]",1,12,0.4040920716112532,0.6462585034013606,0.4695568317802036
999,F,23,1,2,0,1,2,37,1,1,62,36,[0. 1. 1. 0. 0. 0. 0. 0. 0. 0. 0. 0.],2,3,0,[36 25 37 29  8 48 36 33 10 43 46 40],[14 35  1 30 20  4 11 50  6 38 41 44],158.0,trans,190,"[1, 4, 7, 10, 11]",1,12,0.4040920716112532,0.6462585034013606,0.4695568317802036
999,F,23,1,3,0,1,6,36,11,1,98,47,[0. 1. 1. 0. 0. 0. 1. 0. 0. 0. 0. 0.],2,3,0,[36 25 37 29  8 48 36 33 10 43 46 40],[14 35  1 30 20  4 11 50  6 38 41 44],158.0,trans,190,"[1, 4, 7, 10, 11]",1,12,0.4040920716112532,0.6462585034013606,0.4695568317802036
999,F,23,1,4,0,1,10,46,41,1,144,88,[0. 1. 1. 0. 0. 0. 1. 0. 0. 0. 1. 0.],2,3,0,[36 25 37 29  8 48 36 33 10 43 46 40],[14 35  1 30 20  4 11 50  6 38 41 44],158.0,trans,190,"[1, 4, 7, 10, 11]",1,12,0.4040920716112532,0.6462585034013606,0.4695568317802036
999,F,23,1,5,0,1,10,46,41,0,98,47,[0. 1. 1. 0. 0. 0. 1. 0. 0. 0. 0. 0.],2,3,0,[36 25 37 29  8 48 36 33 10 43 46 40],[14 35  1 30 20  4 11 50  6 38 41 44],158.0,trans,190,"[1, 4, 7, 10, 11]",1,12,0.4040920716112532,0.6462585034013606,0.4695568317802036
999,F,23,1,6,1,1,-1,40,44,-1,98,47,[0. 1. 1. 0. 0. 0. 1. 0. 0. 0. 0. 0.],2,3,9,[36 25 37 29  8 48 36 33 10 43 46 40],[14 35  1 30 20  4 11 50  6 38 41 44],158.0,trans,190,"[1, 4, 7, 10, 11]",1,12,0.4040920716112532,0.6462585034013606,0.4695568317802036
999,F,23,2,1,1,2,-1,24,23,-1,0,0,[0. 0. 0. 0. 0. 0. 0. 0. 0. 0. 0.],3,3,4,[49 12 18 13 17 12 32 16 35 21 24],[32  7 29 18  4  4 41  4 27 10 23],111.0,trans,122,"[1, 2, 3, 6, 8]",0,11,0.4457831325301205,0.6130653266331658,0.3186389151611376
999,F,23,3,1,0,3,2,3,42,1,3,42,[0. 0. 1. 0. 0. 0. 0.],5,5,0,[39 14  3 35  1  6 47],[ 2 37 42  7 45 11 33],65.0,over,157,"[1, 2, 4, 6]",1,7,0.4482758620689655,0.8870056497175142,0.6824425452994163
999,F,23,3,2,0,3,5,6,11,1,9,53,[0. 0. 1. 0. 0. 1. 0.],5,5,0,[39 14  3 35  1  6 47],[ 2 37 42  7 45 11 33],65.0,over,157,"[1, 2, 4, 6]",1,7,0.4482758620689655,0.8870056497175142,0.6824425452994163
999,F,23,3,3,0,3,4,1,45,1,10,98,[0. 0. 1. 0. 1. 1. 0.],5,5,0,[39 14  3 35  1  6 47],[ 2 37 42  7 45 11 33],65.0,over,157,"[1, 2, 4, 6]",1,7,0.4482758620689655,0.8870056497175142,0.6824425452994163
999,F,23,3,4,0,3,0,39,2,1,49,100,[1. 0. 1. 0. 1. 1. 0.],5,5,0,[39 14  3 35  1  6 47],[ 2 37 42  7 45 11 33],65.0,over,157,"[1, 2, 4, 6]",1,7,0.4482758620689655,0.8870056497175142,0.6824425452994163
999,F,23,3,5,1,3,-1,47,33,-1,49,100,[1. 0. 1. 0. 1. 1. 0.],5,5,5,[39 14  3 35  1  6 47],[ 2 37 42  7 45 11 33],65.0,over,157,"[1, 2, 4, 6]",1,7,0.4482758620689655,0.8870056497175142,0.6824425452994163
999,F,23,4,1,0,4,2,17,36,1,17,36,[0. 0. 1. 0. 0. 0.],6,6,0,[ 1 43 17 34 20 14],[38  1 36 22 28 40],58.0,over,142,"[0, 2, 4, 5]",0,6,0.4496124031007752,0.8606060606060606,0.6492509775159329
999,F,23,4,2,0,4,1,43,1,1,60,37,[0. 1. 1. 0. 0. 0.],6,6,0,[ 1 43 17 34 20 14],[38  1 36 22 28 40],58.0,over,142,"[0, 2, 4, 5]",0,6,0.4496124031007752,0.8606060606060606,0.6492509775159329
999,F,23,4,3,0,4,4,20,28,1,80,65,[0. 1. 1. 0. 1. 0.],6,6,0,[ 1 43 17 34 20 14],[38  1 36 22 28 40],58.0,over,142,"[0, 2, 4, 5]",0,6,0.4496124031007752,0.8606060606060606,0.6492509775159329
999,F,23,4,4,0,4,5,14,40,1,94,105,[0. 1. 1. 0. 1. 1.],6,6,0,[ 1 43 17 34 20 14],[38  1 36 22 28 40],58.0,over,142,"[0, 2, 4, 5]",0,6,0.4496124031007752,0.8606060606060606,0.6492509775159329
999,F,23,4,5,0,4,3,34,22,1,128,127,[0. 1. 1. 1. 1. 1.],6,6,0,[ 1 43 17 34 20 14],[38  1 36 22 28 40],58.0,over,142,"[0, 2, 4, 5]",0,6,0.4496124031007752,0.8606060606060606,0.6492509775159329
999,F,23,4,6,0,4,0,1,38,1,129,165,[1. 1. 1. 1. 1. 1.],6,6,0,[ 1 43 17 34 20 14],[38  1 36 22 28 40],58.0,over,142,"[0, 2, 4, 5]",0,6,0.4496124031007752,0.8606060606060606,0.6492509775159329
999,F,23,4,7,1,4,-1,14,40,-1,129,165,[1. 1. 1. 1. 1. 1.],6,6,7,[ 1 43 17 34 20 14],[38  1 36 22 28 40],58.0,over,142,"[0, 2, 4, 5]",0,6,0.4496124031007752,0.8606060606060606,0.6492509775159329
999,F,23,5,1,0,5,2,46,13,1,46,13,[0. 0. 1. 0. 0. 0. 0.],7,7,0,[15 47 46 18  1  6 24],[20 35 13  7  5 41 21],63.0,trans,89,"[0, 3, 5, 6]",3,7,0.4012738853503185,0.6267605633802817,0.44592039108765447
999,F,23,5,2,1,5,-1,24,21,-1,46,13,[0. 0. 1. 0. 0. 0. 0.],7,7,7,[15 47 46 18  1  6 24],[20 35 13  7  5 41 21],63.0,trans,89,"[0, 3, 5, 6]",3,7,0.4012738853503185,0.6267605633802817,0.44592039108765447
999,F,23,6,1,1,6,-1,43,9,-1,0,0,[0. 0. 0. 0. 0. 0.],7,7,7,[23 15 36 23 39 43],[ 1  4 50 15 25  9],73.0,trans,65,"[2, 3]",0,6,0.40782122905027934,0.625,0.4269227354466283
999,F,23,7,1,0,7,3,12,34,1,12,34,[0. 0. 0. 1. 0. 0. 0. 0. 0.],7,7,0,[ 2 35 14 12 47 36 29 25 24],[ 9  1 37 34 29  1  4 13 35],99.0,over,144,"[0, 2, 3, 4, 8]",0,9,0.4419642857142857,0.8834355828220859,0.6925893004896883
999,F,23,7,2,0,7,7,25,13,1,37,47,[0. 0. 0. 1. 0. 0. 0. 1. 0.],7,7,0,[ 2 35 14 12 47 36 29 25 24],[ 9  1 37 34 29  1  4 13 35],99.0,over,144,"[0, 2, 3, 4, 8]",0,9,0.4419642857142857,0.8834355828220859,0.6925893004896883
999,F,23,7,3,0,7,6,29,4,1,66,51,[0. 0. 0. 1. 0. 0. 1. 1. 0.],7,7,0,[ 2 35 14 12 47 36 29 25 24],[ 9  1 37 34 29  1  4 13 35],99.0,over,144,"[0, 2, 3, 4, 8]",0,9,0.4419642857142857,0.8834355828220859,0.6925893004896883
999,F,23,7,4,0,7,2,14,37,1,80,88,[0. 0. 1. 1. 0. 0. 1. 1. 0.],7,7,0,[ 2 35 14 12 47 36 29 25 24],[ 9  1 37 34 29  1  4 13 35],99.0,over,144,"[0, 2, 3, 4, 8]",0,9,0.4419642857142857,0.8834355828220859,0.6925893004896883
999,F,23,7,5,0,7,1,35,1,1,115,89,[0. 1. 1. 1. 0. 0. 1. 1. 0.],7,7,0,[ 2 35 14 12 47 36 29 25 24],[ 9  1 37 34 29  1  4 13 35],99.0,over,144,"[0, 2, 3, 4, 8]",0,9,0.4419642857142857,0.8834355828220859,0.6925893004896883
999,F,23,7,6,0,7,5,36,1,1,151,90,[0. 1. 1. 1. 0. 1. 1. 1. 0.],7,7,0,[ 2 35 14 12 47 36 29 25 24],[ 9  1 37 34 29  1  4 13 35],99.0,over,144,"[0, 2, 3, 4, 8]",0,9,0.4419642857142857,0.8834355828220859,0.6925893004896883
999,F,23,7,7,0,7,8,24,35,1,175,125,[0. 1. 1. 1. 0. 1. 1. 1. 1.],7,7,0,[ 2 35 14 12 47 36 29 25 24],[ 9  1 37 34 29  1  4 13 35],99.0,over,144,"[0, 2, 3, 4, 8]",0,9,0.4419642857142857,0.8834355828220859,0.6925893004896883
999,F,23,7,8,1,7,-1,24,35,-1,175,125,[0. 1. 1. 1. 0. 1. 1. 1. 1.],7,7,3,[ 2 35 14 12 47 36 29 25 24],[ 9  1 37 34 29  1  4 13 35],99.0,over,144,"[0, 2, 3, 4, 8]",0,9,0.4419642857142857,0.8834355828220859,0.6925893004896883
999,F,23,8,1,0,8,6,27,11,1,27,11,[0. 0. 0. 0. 0. 0. 1. 0. 0. 0.],3,3,0,[15 18 28 46 13 18 27 46  7 16],[15 16 45 20  1 39 11 47 20 26],99.0,trans,151,"[2, 5, 7, 8]",2,10,0.4230769230769231,0.6291666666666667,0.3968421786960445
999,F,23,8,2,0,8,9,16,26,1,43,37,[0. 0. 0. 0. 0. 0. 1. 0. 0. 1.],3,3,0,[15 18 28 46 13 18 27 46  7 16],[15 16 45 20  1 39 11 47 20 26],99.0,trans,151,"[2, 5, 7, 8]",2,10,0.4230769230769231,0.6291666666666667,0.3968421786960445
999,F,23,8,3,0,8,7,46,47,1,89,84,[0. 0. 0. 0. 0. 0. 1. 1. 0. 1.],3,3,0,[15 18 28 46 13 18 27 46  7 16],[15 16 45 20  1 39 11 47 20 26],99.0,trans,151,"[2, 5, 7, 8]",2,10,0.4230769230769231,0.6291666666666667,0.3968421786960445
999,F,23,8,4,1,8,-1,16,26,-1,89,84,[0. 0. 0. 0. 0. 0. 1. 1. 0. 1.],3,3,3,[15 18 28 46 13 18 27 46  7 16],[15 16 45 20  1 39 11 47 20 26],99.0,trans,151,"[2, 5, 7, 8]",2,10,0.4230769230769231,0.6291666666666667,0.3968421786960445
999,F,23,9,1,1,9,-1,41,26,-1,0,0,[0. 0. 0. 0. 0. 0. 0. 0.],3,3,3,[21 38 42 36  5  1 46 41],[29 42 26 31 27 18 37 26],103.0,trans,147,"[0, 1, 3, 4, 5]",0,8,0.44782608695652176,0.6228813559322034,0.3299511024466858
999,F,23,10,1,1,10,-1,50,1,-1,0,0,[0. 0. 0. 0. 0. 0. 0. 0. 0. 0.],9,9,9,[27 46  8 40 50 15 32  9 33 50],[14  6 14  3 49 32 35  4 44  1],138.0,over,174,"[2, 4, 5, 6, 8]",0,10,0.44516129032258067,0.8613861386138614,0.6601062141353113
999,F,23,11,1,0,11,3,20,5,1,20,5,[0. 0. 0. 1. 0. 0. 0.],9,9,0,[36 46 22 20 19 27 10],[43  6 34  5 30 48 35],75.0,trans,126,"[0, 5, 6]",1,7,0.4166666666666667,0.6268656716417911,0.40844573624630215
999,F,23,11,2,0,11,2,22,34,1,42,39,[0. 0. 1. 1. 0. 0. 0.],9,9,0,[36 46 22 20 19 27 10],[43  6 34  5 30 48 35],75.0,trans,126,"[0, 5, 6]",1,7,0.4166666666666667,0.6268656716417911,0.40844573624630215
999,F,23,11,3,0,11,5,27,48,1,69,87,[0. 0. 1. 1. 0. 1. 0.],9,9,0,[36 46 22 20 19 27 10],[43  6 34  5 30 48 35],75.0,trans,126,"[0, 5, 6]",1,7,0.4166666666666667,0.6268656716417911,0.40844573624630215
999,F,23,11,4,0,11,4,19,30,1,88,117,[0. 0. 1. 1. 1. 1. 0.],9,9,0,[36 46 22 20 19 27 10],[43  6 34  5 30 48 35],75.0,trans,126,"[0, 5, 6]",1,7,0.4166666666666667,0.6268656716417911,0.40844573624630215
999,F,23,11,5,0,11,5,27,48,0,61,69,[0. 0. 1. 1. 1. 0. 0.],9,9,0,[36 46 22 20 19 27 10],[43  6 34  5 30 48 35],75.0,trans,126,"[0, 5, 6]",1,7,0.4166666666666667,0.6268656716417911,0.40844573624630215
999,F,23,11,6,0,11,5,27,48,1,88,117,[0. 0. 1. 1. 1. 1. 0.],9,9,0,[36 46 22 20 19 27 10],[43  6 34  5 30 48 35],75.0,trans,126,"[0, 5, 6]",1,7,0.4166666666666667,0.6268656716417911,0.40844573624630215
999,F,23,11,7,0,11,5,27,48,0,61,69,[0. 0. 1. 1. 1. 0. 0.],9,9,0,[36 46 22 20 19 27 10],[43  6 34  5 30 48 35],75.0,trans,126,"[0, 5, 6]",1,7,0.4166666666666667,0.6268656716417911,0.40844573624630215
999,F,23,11,8,1,11,-1,10,35,-1,61,69,[0. 0. 1. 1. 1. 0. 0.],9,9,9,[36 46 22 20 19 27 10],[43  6 34  5 30 48 35],75.0,trans,126,"[0, 5, 6]",1,7,0.4166666666666667,0.6268656716417911,0.40844573624630215
999,F,23,12,1,0,12,3,4,21,1,4,21,[0. 0. 0. 1. 0. 0. 0. 0.],9,9,0,[25 43  9  4 28 20 23 44],[30 29 36 21 14 34 38 15],80.0,trans,138,"[0, 2, 5, 6]",4,8,0.40816326530612246,0.6359447004608295,0.4434443561733808
999,F,23,12,2,0,12,2,9,36,1,13,57,[0. 0. 1. 1. 0. 0. 0. 0.],9,9,0,[25 43  9  4 28 20 23 44],[30 29 36 21 14 34 38 15],80.0,trans,138,"[0, 2, 5, 6]",4,8,0.40816326530612246,0.6359447004608295,0.4434443561733808
999,F,23,12,3,0,12,1,43,29,1,56,86,[0. 1. 1. 1. 0. 0. 0. 0.],9,9,0,[25 43  9  4 28 20 23 44],[30 29 36 21 14 34 38 15],80.0,trans,138,"[0, 2, 5, 6]",4,8,0.40816326530612246,0.6359447004608295,0.4434443561733808
999,F,23,12,4,0,12,2,9,36,0,47,50,[0. 1. 0. 1. 0. 0. 0. 0.],9,9,0,[25 43  9  4 28 20 23 44],[30 29 36 21 14 34 38 15],80.0,trans,138,"[0, 2, 5, 6]",4,8,0.40816326530612246,0.6359447004608295,0.4434443561733808
999,F,23,12,5,0,12,3,4,21,0,43,29,[0. 1. 0. 0. 0. 0. 0. 0.],9,9,0,[25 43  9  4 28 20 23 44],[30 29 36 21 14 34 38 15],80.0,trans,138,"[0, 2, 5, 6]",4,8,0.40816326530612246,0.6359447004608295,0.4434443561733808
999,F,23,12,6,0,12,7,44,15,1,87,44,[0. 1. 0. 0. 0. 0. 0. 1.],9,9,0,[25 43  9  4 28 20 23 44],[30 29 36 21 14 34 38 15],80.0,trans,138,"[0, 2, 5, 6]",4,8,0.40816326530612246,0.6359447004608295,0.4434443561733808
999,F,23,12,7,1,12,-1,44,15,-1,87,44,[0. 1. 0. 0. 0. 0. 0. 1.],9,9,9,[25 43  9  4 28 20 23 44],[30 29 36 21 14 34 38 15],80.0,trans,138,"[0, 2, 5, 6]",4,8,0.40816326530612246,0.6359447004608295,0.4434443561733808
999,F,23,13,1,1,13,-1,3,21,-1,0,0,[0. 0. 0. 0. 0. 0.],9,9,9,[34 16 42 29 35  3],[37 33  4 26 48 21],66.0,trans,102,"[1, 4, 5]",0,6,0.41509433962264153,0.6035502958579881,0.37432355855500354
999,F,23,14,1,1,14,-1,46,5,-1,0,0,[0. 0. 0. 0. 0. 0. 0. 0. 0. 0. 0.],9,9,9,[41 26 48 34 17 30  5 12  9 18 46],[47 42 13  7 23  5 43 30 37 33  5],128.0,over,255,"[0, 1, 4, 6, 7, 8, 9]",0,11,0.44755244755244755,0.8947368421052632,0.692735911790011
999,F,23,15,1,0,15,2,2,30,1,2,30,[0. 0. 1. 0. 0. 0.],9,9,0,[49  8  2 45 39 50],[17 38 30 27 19 36],79.0,trans,104,"[1, 2, 5]",0,6,0.40932642487046633,0.6227544910179641,0.4196394231624817
999,F,23,15,2,0,15,1,8,38,1,10,68,[0. 1. 1. 0. 0. 0.],9,9,0,[49  8  2 45 39 50],[17 38 30 27 19 36],79.0,trans,104,"[1, 2, 5]",0,6,0.40932642487046633,0.6227544910179641,0.4196394231624817
999,F,23,15,3,0,15,5,50,36,1,60,104,[0. 1. 1. 0. 0. 1.],9,9,0,[49  8  2 45 39 50],[17 38 30 27 19 36],79.0,trans,104,"[1, 2, 5]",0,6,0.40932642487046633,0.6227544910179641,0.4196394231624817
999,F,23,15,4,0,15,3,45,27,1,105,131,[0. 1. 1. 1. 0. 1.],9,9,0,[49  8  2 45 39 50],[17 38 30 27 19 36],79.0,trans,104,"[1, 2, 5]",0,6,0.40932642487046633,0.6227544910179641,0.4196394231624817
999,F,23,15,5,1,15,-1,50,36,-1,105,131,[0. 1. 1. 1. 0. 1.],9,9,9,[49  8  2 45 39 50],[17 38 30 27 19 36],79.0,trans,104,"[1, 2, 5]",0,6,0.40932642487046633,0.6227544910179641,0.4196394231624817
999,F,23,16,1,0,16,3,43,33,1,43,33,[0. 0. 0. 1. 0. 0.],9,9,0,[10 48  9 43 49 16],[28  7 21 33 11 29],78.0,over,111,"[0, 2, 3, 5]",0,6,0.44571428571428573,0.8604651162790697,0.6577949441845843
999,F,23,16,2,0,16,5,16,29,1,59,62,[0. 0. 0. 1. 0. 1.],9,9,0,[10 48  9 43 49 16],[28  7 21 33 11 29],78.0,over,111,"[0, 2, 3, 5]",0,6,0.44571428571428573,0.8604651162790697,0.6577949441845843
999,F,23,16,3,0,16,2,9,21,1,68,83,[0. 0. 1. 1. 0. 1.],9,9,0,[10 48  9 43 49 16],[28  7 21 33 11 29],78.0,over,111,"[0, 2, 3, 5]",0,6,0.44571428571428573,0.8604651162790697,0.6577949441845843
999,F,23,16,4,1,16,-1,16,29,-1,68,83,[0. 0. 1. 1. 0. 1.],9,9,9,[10 48  9 43 49 16],[28  7 21 33 11 29],78.0,over,111,"[0, 2, 3, 5]",0,6,0.44571428571428573,0.8604651162790697,0.6577949441845843
999,F,23,17,1,0,17,2,47,3,1,47,3,[0. 0. 1. 0. 0. 0. 0. 0. 0.],9,9,0,[ 5  8 47 25  4 43 17 35 32],[48 45  3 35 39 12 42 29 42],92.0,over,251,"[0, 1, 3, 4, 6, 8]",0,9,0.42592592592592593,0.8508474576271187,0.6919674134270888
999,F,23,17,2,0,17,6,17,42,1,64,45,[0. 0. 1. 0. 0. 0. 1. 0. 0.],9,9,0,[ 5  8 47 25  4 43 17 35 32],[48 45  3 35 39 12 42 29 42],92.0,over,251,"[0, 1, 3, 4, 6, 8]",0,9,0.42592592592592593,0.8508474576271187,0.6919674134270888
999,F,23,17,3,0,17,5,43,12,1,107,57,[0. 0. 1. 0. 0. 1. 1. 0. 0.],9,9,0,[ 5  8 47 25  4 43 17 35 32],[48 45  3 35 39 12 42 29 42],92.0,over,251,"[0, 1, 3, 4, 6, 8]",0,9,0.42592592592592593,0.8508474576271187,0.6919674134270888
999,F,23,17,4,1,17,-1,32,42,-1,107,57,[0. 0. 1. 0. 0. 1. 1. 0. 0.],9,9,9,[ 5  8 47 25  4 43 17 35 32],[48 45  3 35 39 12 42 29 42],92.0,over,251,"[0, 1, 3, 4, 6, 8]",0,9,0.42592592592592593,0.8508474576271187,0.6919674134270888
999,F,23,18,1,0,18,2,50,22,1,50,22,[0. 0. 1. 0. 0. 0. 0.],9,9,0,[46 39 50 38 11 31  1],[29 20 22 37  9  6 14],97.0,trans,89,"[0, 3, 4, 6]",0,7,0.44907407407407407,0.6496350364963503,0.36922287308479707
999,F,23,18,2,0,18,2,50,22,0,0,0,[0. 0. 0. 0. 0. 0. 0.],9,9,0,[46 39 50 38 11 31  1],[29 20 22 37  9  6 14],97.0,trans,89,"[0, 3, 4, 6]",0,7,0.44907407407407407,0.6496350364963503,0.36922287308479707
999,F,23,18,3,0,18,2,50,22,1,50,22,[0. 0. 1. 0. 0. 0. 0.],9,9,0,[46 39 50 38 11 31  1],[29 20 22 37  9  6 14],97.0,trans,89,"[0, 3, 4, 6]",0,7,0.44907407407407407,0.6496350364963503,0.36922287308479707
999,F,23,18,4,0,18,2,50,22,0,0,0,[0. 0. 0. 0. 0. 0. 0.],9,9,0,[46 39 50 38 11 31  1],[29 20 22 37  9  6 14],97.0,trans,89,"[0, 3, 4, 6]",0,7,0.44907407407407407,0.6496350364963503,0.36922287308479707
999,F,23,18,5,0,18,2,50,22,1,50,22,[0. 0. 1. 0. 0. 0. 0.],9,9,0,[46 39 50 38 11 31  1],[29 20 22 37  9  6 14],97.0,trans,89,"[0, 3, 4, 6]",0,7,0.44907407407407407,0.6496350364963503,0.36922287308479707
999,F,23,18,6,1,18,-1,1,14,-1,50,22,[0. 0. 1. 0. 0. 0. 0.],9,9,9,[46 39 50 38 11 31  1],[29 20 22 37  9  6 14],97.0,trans,89,"[0, 3, 4, 6]",0,7,0.44907407407407407,0.6496350364963503,0.36922287308479707
999,F,23,19,1,0,19,2,12,1,1,12,1,[0. 0. 1. 0. 0. 0. 0. 0. 0.],9,9,0,[44 29 12 44 28 18 48  1  3],[28 15  1  7 17 25 44 30 16],97.0,trans,118,"[0, 6, 7, 8]",2,9,0.42731277533039647,0.644808743169399,0.4114375106022637
999,F,23,19,2,0,19,2,12,1,0,0,0,[0. 0. 0. 0. 0. 0. 0. 0. 0.],9,9,0,[44 29 12 44 28 18 48  1  3],[28 15  1  7 17 25 44 30 16],97.0,trans,118,"[0, 6, 7, 8]",2,9,0.42731277533039647,0.644808743169399,0.4114375106022637
999,F,23,19,3,0,19,2,12,1,1,12,1,[0. 0. 1. 0. 0. 0. 0. 0. 0.],9,9,0,[44 29 12 44 28 18 48  1  3],[28 15  1  7 17 25 44 30 16],97.0,trans,118,"[0, 6, 7, 8]",2,9,0.42731277533039647,0.644808743169399,0.4114375106022637
999,F,23,19,4,0,19,2,12,1,0,0,0,[0. 0. 0. 0. 0. 0. 0. 0. 0.],9,9,0,[44 29 12 44 28 18 48  1  3],[28 15  1  7 17 25 44 30 16],97.0,trans,118,"[0, 6, 7, 8]",2,9,0.42731277533039647,0.644808743169399,0.4114375106022637
999,F,23,19,5,0,19,2,12,1,1,12,1,[0. 0. 1. 0. 0. 0. 0. 0. 0.],9,9,0,[44 29 12 44 28 18 48  1  3],[28 15  1  7 17 25 44 30 16],97.0,trans,118,"[0, 6, 7, 8]",2,9,0.42731277533039647,0.644808743169399,0.4114375106022637
999,F,23,19,6,0,19,2,12,1,0,0,0,[0. 0. 0. 0. 0. 0. 0. 0. 0.],9,9,0,[44 29 12 44 28 18 48  1  3],[28 15  1  7 17 25 44 30 16],97.0,trans,118,"[0, 6, 7, 8]",2,9,0.42731277533039647,0.644808743169399,0.4114375106022637
999,F,23,19,7,0,19,2,12,1,1,12,1,[0. 0. 1. 0. 0. 0. 0. 0. 0.],9,9,0,[44 29 12 44 28 18 48  1  3],[28 15  1  7 17 25 44 30 16],97.0,trans,118,"[0, 6, 7, 8]",2,9,0.42731277533039647,0.644808743169399,0.4114375106022637
999,F,23,19,8,0,19,2,12,1,0,0,0,[0. 0. 0. 0. 0. 0. 0. 0. 0.],9,9,0,[44 29 12 44 28 18 48  1  3],[28 15  1  7 17 25 44 30 16],97.0,trans,118,"[0, 6, 7, 8]",2,9,0.42731277533039647,0.644808743169399,0.4114375106022637
999,F,23,19,9,0,19,2,12,1,1,12,1,[0. 0. 1. 0. 0. 0. 0. 0. 0.],9,9,0,[44 29 12 44 28 18 48  1  3],[28 15  1  7 17 25 44 30 16],97.0,trans,118,"[0, 6, 7, 8]",2,9,0.42731277533039647,0.644808743169399,0.4114375106022637
999,F,23,19,10,0,19,2,12,1,0,0,0,[0. 0. 0. 0. 0. 0. 0. 0. 0.],9,9,0,[44 29 12 44 28 18 48  1  3],[28 15  1  7 17 25 44 30 16],97.0,trans,118,"[0, 6, 7, 8]",2,9,0.42731277533039647,0.644808743169399,0.4114375106022637
999,F,23,19,11,0,19,2,12,1,1,12,1,[0. 0. 1. 0. 0. 0. 0. 0. 0.],9,9,0,[44 29 12 44 28 18 48  1  3],[28 15  1  7 17 25 44 30 16],97.0,trans,118,"[0, 6, 7, 8]",2,9,0.42731277533039647,0.644808743169399,0.4114375106022637
999,F,23,19,12,1,19,-1,3,16,-1,12,1,[0. 0. 1. 0. 0. 0. 0. 0. 0.],9,9,9,[44 29 12 44 28 18 48  1  3],[28 15  1  7 17 25 44 30 16],97.0,trans,118,"[0, 6, 7, 8]",2,9,0.42731277533039647,0.644808743169399,0.4114375106022637
999,F,23,20,1,0,20,2,9,29,1,9,29,[0. 0. 1. 0. 0. 0. 0. 0.],9,9,0,[34 37  9 24 36 23 32 10],[44 12 29 10 25 19 41  6],91.0,trans,120,"[0, 2, 6, 7]",0,8,0.44390243902439025,0.6451612903225806,0.3738955416904029
999,F,23,20,2,0,20,6,32,41,1,41,70,[0. 0. 1. 0. 0. 0. 1. 0.],9,9,0,[34 37  9 24 36 23 32 10],[44 12 29 10 25 19 41  6],91.0,trans,120,"[0, 2, 6, 7]",0,8,0.44390243902439025,0.6451612903225806,0.3738955416904029
999,F,23,20,3,1,20,-1,10,6,-1,41,70,[0. 0. 1. 0. 0. 0. 1. 0.],9,9,9,[34 37  9 24 36 23 32 10],[44 12 29 10 25 19 41  6],91.0,trans,120,"[0, 2, 6, 7]",0,8,0.44390243902439025,0.6451612903225806,0.3738955416904029
999,F,23,21,1,1,21,-1,6,21,-1,0,0,[0. 0. 0. 0. 0. 0. 0. 0. 0. 0. 0.],9,9,9,[33  2 40 17 23  7 33  7  6 28  6],[44 13 40 34 50 20  1 46  7 31 21],81.0,trans,194,"[0, 1, 4, 5, 7, 10]",1,11,0.400990099009901,0.6319218241042345,0.4548289542048968
999,F,23,22,1,1,22,-1,38,49,-1,0,0,[0. 0. 0. 0. 0. 0. 0. 0.],9,9,9,[32  2 12 47 24 44 42 38],[ 2  7  1 33 19 16 15 49],102.0,trans,90,"[1, 2, 3, 7]",1,8,0.42323651452282157,0.6338028169014085,0.4038067329353883
999,F,23,23,1,0,23,3,12,45,1,12,45,[0. 0. 0. 1. 0. 0. 0.],9,9,0,[ 9  3  4 12 30 36 15],[42 24 25 45 16 13 31],46.0,over,167,"[0, 1, 2, 3, 6]",0,7,0.42201834862385323,0.8520408163265306,0.7025856389262867
999,F,23,23,2,0,23,6,15,31,1,27,76,[0. 0. 0. 1. 0. 0. 1.],9,9,0,[ 9  3  4 12 30 36 15],[42 24 25 45 16 13 31],46.0,over,167,"[0, 1, 2, 3, 6]",0,7,0.42201834862385323,0.8520408163265306,0.7025856389262867
999,F,23,23,3,1,23,-1,15,31,-1,27,76,[0. 0. 0. 1. 0. 0. 1.],9,9,9,[ 9  3  4 12 30 36 15],[42 24 25 45 16 13 31],46.0,over,167,"[0, 1, 2, 3, 6]",0,7,0.42201834862385323,0.8520408163265306,0.7025856389262867
999,F,23,24,1,1,24,-1,6,7,-1,0,0,[0. 0. 0. 0. 0. 0. 0. 0. 0. 0.],9,9,9,[49 20  5  6 15 42 10 48  4  6],[ 5 42 40 34  6  6 23 26  3  7],91.0,over,165,"[1, 2, 3, 6, 7]",1,10,0.44390243902439025,0.859375,0.6606005744943573
999,F,23,25,1,1,25,-1,3,27,-1,0,0,[0. 0. 0. 0. 0. 0. 0. 0.],9,9,9,[18 25 37 23 24  1 30  3],[34 21 20 19  8 20 14 27],67.0,trans,102,"[0, 1, 5, 7]",0,8,0.4161490683229814,0.6257668711656442,0.40793435807100575
999,F,23,26,1,1,26,-1,9,26,-1,0,0,[0. 0. 0. 0. 0. 0. 0. 0. 0. 0. 0. 0.],9,9,9,[50 38 17 45 38 42 21 42 25 45 22  9],[13 42 10 43 38 31 20 35 44  2  1 26],166.0,trans,193,"[1, 3, 4, 8, 11]",0,12,0.4213197969543147,0.6327868852459017,0.4067415332388645
999,F,23,27,1,0,27,2,40,3,1,40,3,[0. 0. 1. 0. 0. 0. 0.],9,9,0,[42 25 40  4 12  1  3],[ 9 15  3  7 33 32  2],51.0,over,89,"[1, 3, 4, 5, 6]",0,7,0.4015748031496063,0.8811881188118812,0.7858773066251458
999,F,23,27,2,0,27,1,25,15,1,65,18,[0. 1. 1. 0. 0. 0. 0.],9,9,0,[42 25 40  4 12  1  3],[ 9 15  3  7 33 32  2],51.0,over,89,"[1, 3, 4, 5, 6]",0,7,0.4015748031496063,0.8811881188118812,0.7858773066251458
999,F,23,27,3,0,27,5,1,32,1,66,50,[0. 1. 1. 0. 0. 1. 0.],9,9,0,[42 25 40  4 12  1  3],[ 9 15  3  7 33 32  2],51.0,over,89,"[1, 3, 4, 5, 6]",0,7,0.4015748031496063,0.8811881188118812,0.7858773066251458
999,F,23,27,4,0,27,6,3,2,1,69,52,[0. 1. 1. 0. 0. 1. 1.],9,9,0,[42 25 40  4 12  1  3],[ 9 15  3  7 33 32  2],51.0,over,89,"[1, 3, 4, 5, 6]",0,7,0.4015748031496063,0.8811881188118812,0.7858773066251458
999,F,23,27,5,0,27,5,1,32,0,68,20,[0. 1. 1. 0. 0. 0. 1.],9,9,0,[42 25 40  4 12  1  3],[ 9 15  3  7 33 32  2],51.0,over,89,"[1, 3, 4, 5, 6]",0,7,0.4015748031496063,0.8811881188118812,0.7858773066251458
999,F,23,27,6,1,27,-1,3,2,-1,68,20,[0. 1. 1. 0. 0. 0. 1.],9,9,9,[42 25 40  4 12  1  3],[ 9 15  3  7 33 32  2],51.0,over,89,"[1, 3, 4, 5, 6]",0,7,0.4015748031496063,0.8811881188118812,0.7858773066251458
999,F,23,28,1,1,28,-1,10,28,-1,0,0,[0. 0. 0. 0. 0. 0. 0. 0. 0.],9,9,9,[11 43 45 36 32 15 35 38 10],[ 5 48 14 38 13 10 34 45 28],119.0,trans,145,"[3, 6, 7, 8]",1,9,0.4490566037735849,0.6170212765957447,0.31775456115110823
999,F,23,29,1,1,29,-1,17,28,-1,0,0,[0. 0. 0. 0. 0. 0. 0. 0. 0. 0. 0.],9,9,9,[32 27 14 18 48  5 40 45 40 19 17],[20 40 23 28 26 27 18 30 50 35 28],126.0,trans,208,"[1, 3, 5, 8, 9, 10]",3,11,0.4131147540983607,0.64,0.437742767027514
